input1,input2,true_output,fortran_pred,fortran_uncertainty,tensorflow_pred
 -1.190817,  1.471815,  6.967398,  6.101867,  0.003565,  6.106802
 -1.510556, -0.621222, 18.188990, 18.045140,  0.001418, 18.044270
  0.246736, -1.337883, 57.815060, 58.152773,  0.002144, 58.158461
  0.026316,  0.292764,  6.731941,  7.211884,  0.001204,  7.210657
 -1.323804,  1.159435, 12.752804, 13.468902,  0.002460, 13.464131
  0.251154, -0.981921, 40.509588, 40.745017,  0.001675, 40.740178
 -0.836609, -0.945880, 11.251043, 11.174991,  0.001179, 11.176708
  0.876450,  0.736046, 78.241800, 77.481953,  0.002965, 77.480702
 -1.661685, -1.334518,  6.279188,  6.294397,  0.001219,  6.297475
 -0.179878,  1.207548, 13.202100, 13.225983,  0.001784, 13.220241
 -1.089358,  0.367234,  4.116435,  4.689453,  0.001656,  4.691219
  1.144752,  0.149231, 94.052449, 93.754989,  0.003694, 93.743597
  1.282952, -1.288655,148.686384,148.960281,  0.009068,148.958491
  1.311841,  0.147120,109.157452,109.170203,  0.005272,109.159942
  0.966844, -1.044272, 93.002257, 92.461720,  0.003645, 92.451968
 -0.332995,  1.501180, -2.297874, -2.093414,  0.001777, -2.091567
  1.113876,  0.799416, 52.567008, 53.026812,  0.002216, 53.019531
 -1.651521,  0.789627,  4.050885,  4.039679,  0.002507,  4.035216
  1.553353, -0.940649,161.090445,160.770003,  0.009599,160.769123
  1.566196,  0.623723, 88.892417, 89.209292,  0.003830, 89.193321
 -0.823288,  1.624172, 10.670838, 10.982972,  0.002693, 10.978251
 -1.442146, -0.392759, 27.459555, 27.465947,  0.003064, 27.464266
  0.592098,  0.776100, 17.854771, 17.332125,  0.001511, 17.331089
  1.201969,  1.460818, 64.489779, 64.656762,  0.003454, 64.643826
 -1.062693, -1.226261,  5.047453,  4.962614,  0.001331,  4.956868
 -1.282960, -0.074459, -1.308737, -1.011768,  0.001147, -1.010826
 -1.458233,  1.019472,  5.593943,  6.112116,  0.002248,  6.118127
 -0.408179,  1.594966, 26.437827, 26.309558,  0.003196, 26.307556
 -0.325929,  1.691223,-20.401532,-19.491046,  0.003439,-19.493843
 -0.800607, -1.716838, 19.593524, 19.807646,  0.001283, 19.808944
  1.668204, -0.475860,127.975560,126.481726,  0.005947,126.458350
 -1.023750,  0.277918, -3.445106, -3.224380,  0.001141, -3.225156
 -0.598845,  0.042721, -0.016697, -0.113827,  0.001160, -0.113697
  0.545926,  0.524567, 23.060802, 22.906236,  0.001381, 22.903040
  0.430427,  0.396899, 26.550549, 26.762516,  0.001311, 26.761067
 -0.484713,  0.810618,  2.319502,  2.692000,  0.001942,  2.693165
  1.234981, -0.051235, 85.809972, 84.978443,  0.003766, 84.968778
  1.635129,  0.815910, 88.389392, 87.376461,  0.004347, 87.370357
  1.095720, -1.683270,128.154779,126.428272,  0.005859,126.418167
 -0.042655, -1.165223, 32.566839, 32.633093,  0.001318, 32.635637
  1.164100,  0.507361, 67.202712, 67.441740,  0.002734, 67.429240
  0.503548, -0.951388, 59.740484, 59.088626,  0.002050, 59.089027
 -1.223220, -1.039872, 31.087673, 31.281040,  0.002597, 31.279876
 -0.182184, -1.450399, 43.882241, 44.073426,  0.002014, 44.067522
 -0.268665,  1.534162,-14.524665,-14.083816,  0.003006,-14.110656
 -0.184645,  0.657987, 17.154734, 17.353270,  0.002157, 17.351841
 -0.592971, -0.122592, 20.920906, 20.665169,  0.001367, 20.668181
 -1.601598,  0.326878,  3.092870,  3.430990,  0.001807,  3.430727
 -0.375609,  0.019973, 38.995812, 38.772637,  0.002048, 38.765838
  1.642079,  0.059877,106.863646,106.553174,  0.005447,106.533856
 -1.188527,  0.148956, -3.382150, -3.280427,  0.001158, -3.284127
 -0.011138, -0.201213, 18.444019, 18.671374,  0.001217, 18.667628
 -0.794123,  1.413401,-15.934021,-15.467493,  0.002574,-15.498755
  1.054114,  1.258506, 39.368061, 39.119306,  0.003046, 39.117094
  0.758086,  0.153381, 43.931142, 44.284523,  0.001845, 44.280603
 -0.728648, -0.688246, 21.526853, 21.573656,  0.001274, 21.571841
  1.539782,  0.570184, 91.020510, 90.932164,  0.003782, 90.918066
 -0.923494,  1.107093,-12.801952,-12.384477,  0.001778,-12.388453
  0.683921,  0.414384, 48.947607, 49.000147,  0.001933, 48.996520
  1.581632, -0.965621,141.662074,140.978749,  0.008438,140.956762
  1.606250, -1.502685,169.704783,166.974866,  0.009057,166.939963
  1.691540, -1.174269,154.572078,152.243892,  0.009047,152.217536
 -0.114838,  1.639981, 18.385620, 18.438811,  0.002524, 18.440143
 -0.605172,  0.262697, -3.541301, -3.511999,  0.001268, -3.511101
 -0.758065, -0.973173,  8.645556,  8.910694,  0.001158,  8.913123
 -1.363432, -0.258139,  0.286971,  0.036261,  0.001158,  0.037772
 -1.632353, -0.340581, 11.928629, 11.664150,  0.001847, 11.665412
  1.458035,  0.727786, 82.064411, 81.439579,  0.003866, 81.426836
 -1.065504,  1.245889,-12.103341,-11.618121,  0.001881,-11.621561
  1.129967, -0.699587,117.510659,116.473743,  0.006080,116.466336
  0.570176,  0.330324, 35.030597, 34.904183,  0.001561, 34.904019
  1.087490, -0.465681, 83.620327, 83.545969,  0.003636, 83.532889
  0.082769,  1.186506, -4.493697, -4.641768,  0.001561, -4.641378
 -0.129389, -0.305682, 49.722034, 49.731701,  0.002114, 49.730470
 -0.677429, -1.426068, 32.529327, 31.997372,  0.001885, 31.991996
 -0.063519,  1.588695,-14.148176,-13.570795,  0.002073,-13.588058
 -1.415905, -1.455552,  7.890874,  8.239464,  0.001228,  8.239914
  0.758545,  1.178073, 36.589323, 36.287747,  0.002722, 36.290002
  1.685566,  1.482806, 81.686153, 82.009062,  0.005427, 81.997961
 -1.226799,  1.313536,  3.162843,  3.763850,  0.002263,  3.768902
  0.643520, -1.245340, 77.337029, 77.053300,  0.002609, 77.050658
 -1.234490, -1.592793, 11.599871, 11.538399,  0.001242, 11.540473
 -0.110182, -0.636269, 22.528100, 22.496961,  0.001226, 22.495035
 -0.735332, -1.158492,  8.936213,  8.774629,  0.001244,  8.776011
 -0.878895, -0.907069,  4.264800,  4.493391,  0.001240,  4.489831
  1.473592, -1.559348,145.519815,144.628962,  0.008635,144.593416
  1.527133,  0.940012, 69.637896, 68.758308,  0.003144, 68.738504
  0.588768, -1.160635, 87.718866, 87.400548,  0.003773, 87.393142
  0.313692,  0.276065, 20.325137, 20.128301,  0.001363, 20.125773
  1.409576, -0.292970,135.325389,134.588147,  0.008207,134.612555
  0.328747, -0.199091, 27.579422, 27.967525,  0.001217, 27.969427
  0.058010, -1.022705, 31.526460, 31.972320,  0.001292, 31.968183
 -1.547188, -1.724434,  8.839921,  9.149406,  0.001285,  9.146937
  1.118474,  1.091149, 50.209784, 50.248528,  0.003040, 50.238252
  0.584506,  1.610900, 49.032018, 49.018039,  0.003276, 49.015059
 -0.335416, -0.255050,  6.908193,  7.092934,  0.001132,  7.093379
 -0.995868,  1.480770,-15.099445,-14.767382,  0.002895,-14.798454
  0.247246, -1.735185, 79.866095, 79.267940,  0.004191, 79.259802
 -0.691236, -1.694745, 32.487746, 32.239909,  0.001376, 32.236299
 -0.451946,  1.565720, 14.231645, 13.814320,  0.002663, 13.815492
  0.415142, -0.908412, 69.837635, 69.926093,  0.003031, 69.925118
 -0.348297,  1.428465,-18.276528,-18.563588,  0.003411,-18.569526
  1.507227, -0.536560,114.839211,114.806740,  0.005499,114.794918
 -1.575448, -1.665751, 20.268285, 20.608769,  0.001731, 20.613021
 -0.487715,  1.322743,-15.172055,-14.989268,  0.002726,-15.018961
  1.722557, -0.496981,155.595996,154.963260,  0.009187,154.971734
  1.262443, -0.791529,109.389371,109.225947,  0.005177,109.214787
  1.110381, -1.719253,123.236127,124.063520,  0.005760,124.045570
  0.298533,  0.561800, 16.172046, 16.464542,  0.001341, 16.457890
  0.244728,  1.054098, -0.705174, -0.203905,  0.001483, -0.203167
  0.461605, -0.298869, 42.209585, 42.487904,  0.001613, 42.482521
 -0.530825, -1.205888, 14.147493, 14.757810,  0.001204, 14.758632
 -1.688968,  0.132261,  5.664082,  5.874346,  0.001853,  5.872668
 -1.677588, -0.419745, 32.939915, 32.446517,  0.003880, 32.444086
 -1.230630,  0.983740, 29.271245, 28.649345,  0.003180, 28.647744
 -0.376541, -0.006941, 10.846428, 11.213867,  0.001326, 11.215788
 -0.190463,  1.310798,  8.184835,  8.627617,  0.001772,  8.626953
 -1.282936,  1.471436,  6.214248,  5.768715,  0.003556,  5.764306
  0.867983, -1.132223, 85.782395, 86.092881,  0.003663, 86.079712
 -0.934314, -0.092904, -1.823793, -1.221108,  0.001199, -1.221194
 -1.619249,  1.375894, 29.377569, 29.440462,  0.004101, 29.433919
 -1.115441,  0.688971,  7.840241,  7.955797,  0.002238,  7.965889
  1.164507,  1.694422, 25.832721, 26.340691,  0.002152, 26.340763
 -0.911054,  1.607910,-17.297636,-16.724330,  0.003336,-16.732524
 -0.714195,  0.144753,  3.034555,  3.526393,  0.001131,  3.527240
  1.306319, -1.438630,133.182049,132.109176,  0.007099,132.157355
 -0.137341,  1.308478, -4.326895, -4.339897,  0.002269, -4.335393
  1.227339, -0.931358,109.623083,109.737802,  0.005219,109.719448
  1.526261,  1.195067, 84.934331, 85.375846,  0.004150, 85.357930
 -1.583795,  0.532330, 20.305338, 20.353605,  0.002695, 20.358930
 -1.640990, -0.844029, 42.949505, 42.785940,  0.003051, 42.783112
 -0.490461,  1.406875, -6.746627, -6.296802,  0.002494, -6.292352
  0.513800,  1.339045, 47.280801, 47.392135,  0.002891, 47.384519
 -1.050295, -1.597761, 22.556576, 22.833674,  0.001364, 22.834063
  0.212702,  1.101804,  4.022635,  4.464062,  0.001429,  4.463001
 -0.746067,  1.655200,-18.801157,-18.573051,  0.003474,-18.565669
  0.366138, -0.349521, 64.543882, 64.296122,  0.002801, 64.297673
  0.639927, -0.823855, 95.765489, 95.262691,  0.003851, 95.249633
  1.073203,  1.208874, 31.076280, 31.340543,  0.001820, 31.334696
  0.043976, -0.461734, 55.034910, 55.233275,  0.002174, 55.225464
 -0.796486,  1.278094, -5.642937, -5.346378,  0.002335, -5.346252
 -0.735120, -1.539917, 27.347463, 27.187734,  0.001596, 27.185357
  1.239883, -0.379265, 92.008063, 91.812615,  0.003627, 91.803699
  1.215119, -1.758949,129.481375,128.774658,  0.006145,128.769764
  1.198301,  1.267756, 37.605981, 37.670691,  0.002178, 37.675253
 -1.166540, -1.066964, 18.408872, 18.458408,  0.001597, 18.459673
  0.343422, -1.311535, 73.455235, 73.478658,  0.002955, 73.474258
  0.314532,  0.281163, 23.476215, 23.375133,  0.001430, 23.372962
 -1.118238, -1.153670, 22.257286, 22.200026,  0.001392, 22.200410
  1.296403, -1.071937,151.687173,151.578192,  0.009359,151.575338
  1.390470,  0.616913, 68.949064, 69.037708,  0.002896, 69.031103
  0.655282,  1.269079, 15.196960, 15.470076,  0.001663, 15.476004
  1.390937, -1.078057,122.857713,121.408346,  0.005741,121.402425
  1.391425,  1.602732, 37.185425, 37.273447,  0.002525, 37.268845
 -0.111184, -1.666294, 55.872275, 56.461590,  0.002427, 56.457336
  0.480670,  1.349309,  6.691996,  7.051714,  0.001623,  7.052742
 -1.120582, -1.039897,  6.648771,  6.822759,  0.001190,  6.818348
  0.896645,  0.806076, 38.186436, 38.239498,  0.001842, 38.245648
 -1.357344, -1.762722, 36.316032, 36.223210,  0.002694, 36.216999
  0.423690, -0.273897, 35.420488, 35.789211,  0.001288, 35.787179
  0.439608, -0.427660, 50.246907, 49.341386,  0.001849, 49.340422
 -0.903543, -0.103458,  1.230088,  1.025394,  0.001118,  1.020938
  0.716712,  1.467945, 55.121476, 55.342068,  0.003035, 55.333114
 -0.792956,  1.606214,-19.318060,-19.078816,  0.003406,-19.080532
 -1.512713, -0.649746, 11.875807, 11.830686,  0.001280, 11.830195
  0.792212, -0.228339, 74.956827, 74.488624,  0.003049, 74.485828
  0.055567,  0.452304, 13.670449, 14.019181,  0.001457, 14.015605
 -0.099455,  0.953482, -3.006108, -2.735018,  0.001618, -2.732846
 -0.872632, -1.642087, 10.992072, 11.954792,  0.001273, 11.956022
  0.622597,  1.091639, 50.952134, 51.381071,  0.002570, 51.373409
 -1.334288,  0.402425, 25.590320, 25.283853,  0.002498, 25.283259
 -1.660707,  0.781794,  5.805796,  5.942622,  0.002476,  5.947272
  0.155234, -1.326860, 66.190151, 66.436507,  0.002785, 66.428811
  0.999064, -1.578599,104.931082,104.779646,  0.005197,104.755678
  1.410458, -1.271525,134.879122,133.854239,  0.007822,133.889927
  1.130062, -0.048230, 97.101277, 95.480832,  0.004229, 95.467444
  0.891446, -1.322743, 92.722385, 92.940735,  0.003657, 92.932394
 -1.113104,  0.267453, -5.034672, -5.346686,  0.001199, -5.347870
  1.059612,  0.023572, 97.429794, 96.220865,  0.003837, 96.234073
  0.688576, -1.062363, 67.444236, 66.936710,  0.002725, 66.933021
  0.368255, -0.275461, 38.167010, 37.921198,  0.001447, 37.917302
  0.609564,  0.345340, 47.052008, 47.403478,  0.001871, 47.399655
  1.644325, -1.187086,157.711092,157.092520,  0.009166,157.080334
  0.049405, -1.606933, 62.462267, 62.496411,  0.002215, 62.496613
  1.006417, -1.575985,107.951849,108.703109,  0.005214,108.690258
 -1.296251, -1.106825, 16.353856, 15.629992,  0.001299, 15.639427
  0.926981,  1.610908, 12.084445, 11.857267,  0.002197, 11.855647
 -0.369727,  1.397824,-10.693955,-10.436250,  0.001729,-10.431275
  0.394738,  0.894808,  8.843208,  8.533718,  0.001440,  8.533786
 -0.737258, -0.148012, -0.961011, -0.653330,  0.001191, -0.662683
  0.080730, -1.089225, 55.209953, 55.519583,  0.002425, 55.514561
  0.278302,  1.198930, 42.216153, 42.121688,  0.002734, 42.109437
 -1.153510, -0.394231,  2.807589,  3.205053,  0.001118,  3.202409
 -0.395733,  0.564557,  6.577668,  6.467879,  0.001778,  6.468226
 -0.921088, -1.591665, 10.421951, 10.995342,  0.001294, 10.994880
  0.342640, -0.561609, 63.226383, 62.207561,  0.003395, 62.213793
 -1.258469,  0.664365,  6.289248,  6.463749,  0.001616,  6.465940
  1.097234,  0.164871, 84.035297, 84.049240,  0.003690, 84.041230
  1.426660, -1.742708,146.839342,146.361106,  0.008725,146.359659
  0.582277,  0.661529, 38.261412, 38.330697,  0.001782, 38.333321
  1.097082,  1.309995, 71.050984, 70.990941,  0.003346, 70.980571
  0.797829, -0.201351, 69.559192, 69.920770,  0.002929, 69.918124
 -0.862039, -1.125773, 31.805410, 32.022208,  0.001530, 32.023415
 -1.217398, -0.138301,  4.867664,  5.083834,  0.001167,  5.079994
 -0.342668,  0.126660, 20.494655, 21.018581,  0.001296, 21.018037
 -1.084455, -0.468162, 12.032560, 11.700667,  0.001486, 11.705192
 -1.172289, -1.124554, 10.903443, 11.185093,  0.001239, 11.187591
 -0.553143, -0.219943, 27.892493, 28.258546,  0.001453, 28.257839
  0.938988, -1.010817,120.932472,119.731691,  0.005773,119.717417
 -0.700191, -1.278077, 16.794774, 16.655392,  0.001222, 16.653970
  1.404440,  1.624758, 46.868933, 47.597789,  0.002783, 47.595348
  1.277120, -1.177456,134.482994,132.974800,  0.007349,133.020555
  0.274884, -1.588766, 74.064324, 74.240195,  0.002914, 74.237613
  0.525288, -0.368186, 54.895531, 55.192414,  0.002193, 55.186518
 -1.363432, -1.740815,  5.980911,  5.738960,  0.001403,  5.742426
  1.577092,  1.716678, 65.723457, 66.577289,  0.004678, 66.573950
 -1.363273,  1.155192, 14.327822, 13.659164,  0.003736, 13.661720
  0.601278, -1.068857, 64.507015, 64.467713,  0.002669, 64.458976
 -1.194999,  0.852364, -5.960164, -5.659994,  0.001525, -5.660878
  1.015269, -0.487911,107.594614,107.403840,  0.005284,107.401748
  0.675150, -0.868623, 67.703054, 67.197461,  0.002608, 67.194962
  0.486350, -0.906083, 70.828757, 70.561396,  0.002682, 70.557507
  1.650542,  1.442527,106.715002,105.384352,  0.005958,105.367521
 -0.969379,  0.173348,  4.960799,  5.208018,  0.001200,  5.204428
 -1.544426, -0.930885, 31.064009, 30.799154,  0.001898, 30.796624
 -0.610224, -1.615137, 21.532962, 21.894971,  0.001254, 21.892980
  0.404893, -0.602019, 68.797751, 68.103339,  0.003369, 68.095975
 -0.871857, -1.676406, 30.084933, 30.131950,  0.001845, 30.135611
  0.530555,  1.058559,  9.372748,  9.864652,  0.001523,  9.861297
 -0.067456,  1.033461, -5.745429, -5.496318,  0.001644, -5.499383
 -0.827342, -0.057498, -2.794260, -3.070533,  0.001209, -3.072803
  0.143752,  0.032227, 18.920608, 18.753934,  0.001255, 18.752687
 -0.673108,  0.396588, -6.801497, -7.286159,  0.001322, -7.287382
  1.000439,  0.242686, 59.212272, 59.816166,  0.002120, 59.811430
 -0.142589, -0.186635, 17.144110, 17.310627,  0.001267, 17.307246
  0.707099, -1.217745, 85.024929, 85.195382,  0.003711, 85.194864
  0.984817,  1.476642, 23.337516, 23.735757,  0.001904, 23.728375
  0.717147,  0.792887, 47.305594, 46.442591,  0.003241, 46.435275
 -0.987059, -0.963250, 15.143976, 14.986192,  0.001204, 14.989511
 -0.392217,  0.369110,  9.634068,  9.383764,  0.001193,  9.385240
  0.592949, -1.274196, 68.489804, 68.512339,  0.002704, 68.507231
 -0.608128, -1.725344, 34.310946, 34.810985,  0.001722, 34.810221
  0.493958,  1.626214, -4.218565, -3.800579,  0.002093, -3.797862
 -0.785648, -0.809795, 16.599260, 16.764068,  0.001405, 16.764076
  1.546092,  0.920834, 74.049097, 73.510081,  0.003292, 73.500899
  0.943137,  0.901786, 38.107746, 37.324572,  0.001925, 37.322220
  0.878431,  0.066530, 53.285657, 53.760822,  0.002012, 53.758034
 -0.193005, -1.394363, 27.564536, 27.866618,  0.001312, 27.867883
 -0.430619,  0.372158, 26.677660, 26.358930,  0.001684, 26.357728
 -0.833562, -0.743430,  3.281220,  4.172597,  0.001229,  4.170123
  1.560746, -1.666339,191.369094,184.577412,  0.009992,184.594971
  1.500862, -0.767591,144.796422,144.085800,  0.008768,144.090682
  0.520162, -0.290711, 39.482785, 39.505401,  0.001605, 39.502719
  0.301478,  0.218658, 42.679457, 42.305578,  0.001778, 42.303188
  0.490412,  1.172138,  7.990489,  7.936129,  0.001557,  7.936620
 -0.592218, -1.664962, 49.008905, 49.172213,  0.002171, 49.171770
  0.977457,  0.229189, 63.658936, 63.524112,  0.002945, 63.521990
  0.953049, -1.303315, 99.789229, 99.346951,  0.004989, 99.339065
  1.528713,  1.430781, 51.842312, 51.786375,  0.003038, 51.788208
 -1.071473, -0.426405,  0.519383,  0.949681,  0.001145,  0.948272
  1.083343, -0.787592, 88.800312, 88.423340,  0.003699, 88.420386
 -0.417076, -1.457474, 45.016490, 44.802449,  0.002511, 44.801256
 -0.003998, -1.608633, 55.350339, 56.277167,  0.002313, 56.274387
  1.246058,  1.068162, 45.249602, 44.197997,  0.002530, 44.196984
 -0.524626,  1.385828,-15.277305,-14.594782,  0.001981,-14.615047
 -0.631365, -1.551898, 26.165341, 25.649347,  0.001242, 25.643417
 -0.247183,  0.597335, 38.769116, 38.747297,  0.002477, 38.744332
  1.183190, -0.053605, 87.135113, 86.404907,  0.003562, 86.395178
 -0.591652,  1.062387,-13.926818,-13.305142,  0.001902,-13.312967
 -0.571542,  1.708740, -1.761589, -1.649521,  0.002143, -1.648396
 -0.545283, -0.431525, 23.452757, 23.803368,  0.001844, 23.797424
 -1.321971, -1.719808, 18.845482, 18.966710,  0.001359, 18.963433
 -1.116581,  0.979462, 14.037506, 14.382475,  0.003180, 14.383310
 -0.191932, -1.625328, 42.538153, 43.200714,  0.001913, 43.197751
  1.532937,  0.357579, 87.771573, 88.071436,  0.003785, 88.056825
  0.220314,  0.391336, 29.495657, 29.218650,  0.001896, 29.214532
  1.314403, -0.401561,100.785319,100.740001,  0.005003,100.713781
 -0.264175, -1.650578, 30.675169, 30.239869,  0.001335, 30.237638
  1.380617, -1.725957,151.185947,150.607336,  0.008565,150.591673
 -0.519010, -0.868244, 50.809489, 50.747379,  0.002262, 50.745702
 -1.025132, -0.556946, 15.316555, 15.152740,  0.001592, 15.151512
  0.404608, -1.455680, 65.755764, 66.010280,  0.002700, 66.006166
 -1.364475,  0.487275, 13.655618, 13.769921,  0.001803, 13.774383
  1.582813,  0.133404,101.122545, 99.859124,  0.005278, 99.842644
  1.250291, -1.363340,118.283864,117.846816,  0.005591,117.842939
  1.406526,  1.349352, 47.321408, 47.217521,  0.002935, 47.216333
  0.091979,  1.679489,-13.152323,-12.777225,  0.002623,-12.811942
 -1.042425,  0.209728, 17.041177, 17.312415,  0.001594, 17.315714
  1.471964,  0.980310, 65.869198, 65.654653,  0.003393, 65.648595
  0.183078, -1.394093, 49.611563, 50.087825,  0.001915, 50.087227
 -1.149740,  1.585601,  0.284877,  0.680599,  0.002606,  0.683515
  0.445266, -0.014003, 37.509851, 37.617356,  0.001506, 37.609612
 -1.353763, -0.478798,  1.153857,  1.162591,  0.001126,  1.162415
  0.068857, -1.484789, 44.437504, 44.725260,  0.001799, 44.718419
 -1.583097, -1.422560, 15.908931, 16.316581,  0.001532, 16.313251
 -1.314415,  1.398576,  5.123124,  5.865728,  0.002568,  5.863594
  0.593852, -0.980502, 66.440636, 65.531931,  0.002621, 65.515906
  1.366284,  1.640105, 34.640201, 34.296370,  0.002491, 34.292372
  0.609120,  0.923343, 15.431161, 15.909111,  0.001514, 15.904735
  0.192916,  1.035439,  3.361868,  3.895476,  0.001412,  3.898135
 -0.961332, -1.703273, 17.457749, 17.810917,  0.001267, 17.811469
 -1.091654, -0.247242, 18.917650, 18.954107,  0.002113, 18.956246
  1.714861, -1.171010,156.677125,154.706866,  0.009091,154.679827
 -1.408770,  0.921218, -2.594394, -2.555498,  0.001972, -2.547690
  0.288768,  1.183848, -1.699876, -1.054396,  0.001545, -1.056297
  0.366654, -0.898653, 52.902664, 53.496162,  0.001956, 53.489551
 -0.622157,  1.049933,-13.025690,-11.957259,  0.001649,-11.960352
  1.139147, -0.098233, 74.471069, 74.249844,  0.002694, 74.235538
  1.307892, -1.059146,114.487710,113.632746,  0.005429,113.625814
  0.155812, -0.742539, 31.238580, 31.282797,  0.001262, 31.285864
  0.483699, -0.725883, 55.947153, 55.673522,  0.002022, 55.668509
 -1.119797, -1.451091,  5.818813,  6.112462,  0.001357,  6.106844
 -1.542220, -0.269756, 17.327597, 17.107573,  0.001622, 17.109017
 -0.626959,  0.145747, -2.566400, -2.334601,  0.001189, -2.335323
  0.689303, -0.958798, 83.346642, 83.532231,  0.003827, 83.520193
 -0.401672,  0.816453, 11.281589, 11.586476,  0.002302, 11.586024
 -1.085890,  0.079354, -1.760998, -1.491844,  0.001125, -1.491269
 -1.035936, -0.626439, 40.779413, 40.441477,  0.002456, 40.438832
  1.428817, -1.402795,142.345912,141.753068,  0.008228,141.739768
 -1.621980, -0.917231,  9.454283,  9.625172,  0.001347,  9.624822
 -0.217732, -0.155419, 15.333947, 15.406627,  0.001290, 15.409557
  0.198017, -0.447624, 27.071023, 27.865622,  0.001217, 27.860053
 -1.432723,  0.579826,  8.964776,  9.066520,  0.001784,  9.065106
 -0.184128,  1.145021,-10.899816,-10.555830,  0.001832,-10.551894
 -0.443994, -0.164545, 28.149509, 28.291958,  0.002299, 28.284065
 -1.163491, -1.047665,  3.847182,  3.810237,  0.001238,  3.803172
  0.316985, -0.188814, 41.532482, 41.532121,  0.001621, 41.529368
 -1.225318,  0.586659,  1.395443,  1.689383,  0.001731,  1.688890
  0.601834,  0.937258, 34.296690, 34.349959,  0.002422, 34.349167
 -0.972069,  0.116086, 13.488643, 13.127762,  0.001934, 13.129943
  1.534441,  0.707683, 93.572696, 93.147866,  0.003843, 93.135644
  1.489129,  1.358679, 51.490105, 51.600648,  0.002938, 51.596892
 -1.370539, -1.706435, 33.197630, 32.785770,  0.001788, 32.778638
 -0.533824,  1.027919,-13.273367,-12.794587,  0.001866,-12.794411
  0.270686,  0.223626, 18.857000, 18.750889,  0.001332, 18.749810
 -0.719288,  1.691920, 16.593164, 17.159581,  0.003118, 17.165688
 -0.311413,  1.326188,-15.467220,-15.005543,  0.002167,-15.031110
 -1.520884,  0.837051, 35.095940, 35.105270,  0.003767, 35.102781
  1.403753,  1.436455, 56.053281, 56.318264,  0.003378, 56.311898
  0.338448,  1.011659, 22.666572, 22.647830,  0.002239, 22.657396
  0.348781, -1.685431, 92.636022, 93.189289,  0.003853, 93.177279
 -0.898051,  0.015436, 31.087071, 31.082084,  0.002061, 31.077806
 -1.512765,  0.451430,  7.311110,  7.806404,  0.001757,  7.806255
 -0.265075,  0.950826,  3.379153,  3.502940,  0.002115,  3.509489
  0.532484,  1.579605, 12.148215, 12.450636,  0.002587, 12.442617
 -0.084189,  1.601412, 10.974382, 10.959967,  0.002180, 10.960531
  0.074434, -0.639891, 28.089945, 28.520991,  0.001191, 28.521705
  0.267025, -0.858522, 47.339243, 47.579608,  0.001845, 47.579003
  0.145047,  1.472143, -9.937050,-10.241555,  0.001940,-10.241253
 -1.535065,  0.184092, 17.826348, 17.797351,  0.002055, 17.799254
 -1.613402,  0.309555, 12.899005, 12.738755,  0.002560, 12.743155
  1.421543,  1.306306, 49.037403, 48.397046,  0.002893, 48.395523
 -0.775452,  0.862877,-11.179903,-10.517037,  0.001666,-10.517655
 -0.300374, -0.954574, 17.412443, 17.244329,  0.001171, 17.249499
  0.579815, -1.208110, 66.967934, 67.161467,  0.002666, 67.155284
 -0.625863, -0.811277, 27.261685, 27.638835,  0.001304, 27.640377
 -1.187999, -0.651400, 23.857191, 23.911929,  0.002216, 23.910731
 -1.559817,  0.942114,  6.857186,  7.230944,  0.002413,  7.230484
 -1.473567, -0.788995, 13.453264, 13.691752,  0.001574, 13.690983
  0.508652, -0.934761, 84.413370, 84.438745,  0.003842, 84.431461
  0.104344, -0.574808, 25.369541, 26.023667,  0.001204, 26.029772
 -1.407381, -0.074113,  1.801929,  1.895771,  0.001225,  1.894171
  0.014901, -0.940083, 35.798422, 35.627963,  0.001358, 35.630533
 -0.377051, -0.284761, 46.449565, 46.415865,  0.002153, 46.412016
 -1.576039, -0.571642,  4.381019,  4.537736,  0.001246,  4.537239
  0.089612, -0.199874, 20.607172, 20.490788,  0.001241, 20.492180
  0.017922, -0.794090, 27.918729, 27.651849,  0.001252, 27.650788
  0.106028,  0.575126, 25.822517, 26.030410,  0.001410, 26.032707
  0.960636,  0.108632, 56.210379, 56.522651,  0.002092, 56.522620
  1.298536,  0.956866, 55.128392, 55.173892,  0.002420, 55.168192
 -0.634021, -1.196811, 36.968909, 36.577064,  0.002271, 36.582324
 -0.647803,  1.371859,-15.844044,-15.968405,  0.003115,-15.988011
  0.389081,  1.496681, -6.243371, -5.735714,  0.001844, -5.737658
 -1.533283, -1.064085,  7.240568,  6.552399,  0.001177,  6.549682
  0.577395, -0.075815, 64.834759, 65.097425,  0.002703, 65.090417
 -1.472789, -0.126209, 25.464284, 25.614598,  0.003226, 25.616492
  1.422133,  0.222284, 93.900608, 93.206214,  0.003664, 93.196145
  1.265641, -0.998781,126.905948,125.506143,  0.005817,125.489789
  1.523960, -1.503963,151.218247,150.234106,  0.008783,150.219318
 -0.820318, -0.794000,  9.656224,  9.868875,  0.001178,  9.869713
 -1.094407, -0.717623,  2.645802,  2.950693,  0.001156,  2.953549
  0.746990,  0.395862, 44.766341, 44.672655,  0.002170, 44.674482
 -1.651844,  0.785057,  3.989284,  4.017254,  0.002490,  4.022146
 -1.318224,  0.267677, 27.373675, 27.257448,  0.002444, 27.257037
  0.224111, -0.685318, 40.902109, 40.697118,  0.001601, 40.695479
 -1.272472,  1.089285, 30.643868, 30.631306,  0.003490, 30.628430
  0.757685, -1.499020, 82.433273, 82.221405,  0.003740, 82.212605
  0.485869,  0.912377, 29.541281, 29.456816,  0.002226, 29.451654
 -1.334843, -0.512382,  1.018832,  0.692466,  0.001145,  0.687855
  0.557312, -0.063742, 36.830865, 36.330585,  0.001311, 36.327497
  0.931882, -1.155996, 86.755416, 86.303685,  0.003730, 86.294884
 -1.247471,  0.293311,  7.114343,  7.430062,  0.001804,  7.432185
  0.501243,  0.269295, 30.073651, 29.981854,  0.001389, 29.981893
 -1.297086,  0.969421, -5.518287, -4.978417,  0.001863, -4.975319
  0.004124,  0.589222, 35.240422, 35.592590,  0.001731, 35.590595
 -0.871690, -1.336863, 17.621203, 18.135549,  0.001242, 18.136216
  1.214574,  0.110975, 96.438353, 95.132487,  0.004212, 95.121456
  1.284688,  0.951708, 52.296708, 52.399375,  0.002581, 52.391365
 -0.088056, -1.428483, 59.856684, 59.048878,  0.002701, 59.040164
 -0.711545, -0.261269, 42.155790, 41.506761,  0.002381, 41.504331
  1.464007,  1.059796, 63.559178, 63.055077,  0.003483, 63.054005
 -1.248371,  1.106884, 15.319986, 15.562471,  0.002425, 15.562154
 -0.780982, -1.430692, 10.609970, 11.376449,  0.001269, 11.378141
  0.482530, -0.753197, 88.656287, 88.733555,  0.003925, 88.730573
  0.394846,  0.052055, 37.603057, 36.953192,  0.001296, 36.945745
  0.232148,  0.594240, 45.941482, 46.587632,  0.002292, 46.580550
 -0.239665, -1.561183, 32.479458, 32.735419,  0.001332, 32.729097
 -0.977880, -1.706478, 14.378552, 14.470779,  0.001238, 14.467019
 -0.310499,  1.011422,-11.904656,-11.723368,  0.001780,-11.723472
  0.835388, -0.769077,110.282939,109.330495,  0.005410,109.323405
 -1.264912, -1.085491, 30.889092, 31.392385,  0.002600, 31.387860
  0.410403, -1.463653, 58.901782, 58.854466,  0.002131, 58.854148
 -0.169129, -0.433845, 49.983104, 50.250534,  0.002140, 50.249564
  1.154789, -1.446074,138.806390,137.629129,  0.008248,137.597722
  0.753691,  0.019764, 68.356200, 68.166959,  0.003287, 68.159044
 -0.697236,  0.245369, 34.860963, 34.763466,  0.002210, 34.757502
 -1.431752, -0.369149,  1.877961,  2.256338,  0.001177,  2.259668
  0.165897, -1.084397, 46.482909, 46.441444,  0.001776, 46.437501
  0.569682, -0.745624, 77.011385, 76.218454,  0.003020, 76.208022
  1.394661, -1.086690,126.754822,125.998092,  0.005845,125.994034
 -0.310042,  0.839539, 22.676698, 22.138086,  0.001827, 22.141016
  0.735094,  0.104036, 49.718356, 49.735912,  0.002079, 49.730010
 -1.110846,  0.466984, 18.749414, 18.752746,  0.002793, 18.754531
 -0.746623,  1.610851, 30.410211, 30.806073,  0.003720, 30.808972
 -0.246567,  0.342418,  6.496110,  6.694720,  0.001165,  6.694308
  1.418556, -0.582793,112.067044,112.169142,  0.005335,112.152822
 -0.438118,  0.598991,  8.451825,  8.579477,  0.001890,  8.582533
 -0.318089, -1.248376, 27.593511, 28.535014,  0.001233, 28.535614
 -0.092541,  0.163374,  7.183064,  7.860705,  0.001200,  7.858636
 -0.241971,  0.714929, -6.537099, -6.230524,  0.001407, -6.232991
  0.219722, -0.786363, 36.951553, 36.496929,  0.001344, 36.497615
  0.575770, -0.337649, 51.995569, 51.711975,  0.001986, 51.706643
  0.103444,  0.930788,  3.132327,  2.892624,  0.001620,  2.891129
 -1.345850, -1.332277, 30.541542, 30.546331,  0.001716, 30.544825
 -0.395106,  0.848235, 36.031038, 35.419671,  0.002499, 35.408684
 -0.951555, -0.886843, 36.372609, 35.399242,  0.001787, 35.392903
 -1.065218, -1.208408, 17.219239, 17.232139,  0.001279, 17.227648
 -1.196308, -0.189775, -1.188338, -0.817816,  0.001121, -0.819096
  0.460201,  0.801334, 51.492714, 52.164811,  0.002434, 52.160067
  0.552373,  0.326678, 47.008459, 47.234282,  0.001887, 47.231618
  0.194122, -1.688808, 67.233319, 67.437707,  0.002914, 67.429795
  0.723589, -0.359326, 51.987247, 52.160471,  0.001906, 52.154651
  1.488959, -1.170957,149.422780,147.490635,  0.008857,147.456086
 -1.521944, -1.129806, 29.441253, 29.468125,  0.001761, 29.472808
  0.992810, -1.638213,108.164209,108.971836,  0.005226,108.959501
  0.916330,  0.349008, 68.056150, 67.448516,  0.003425, 67.441802
  0.907672,  1.665359, 12.733473, 12.995501,  0.002057, 12.995367
  1.097246, -1.070215,109.219730,107.888580,  0.005080,107.882721
 -1.175333,  0.369002, 27.268179, 27.610526,  0.002421, 27.603398
 -0.539856,  0.106176,  5.626086,  5.753208,  0.001345,  5.752344
 -1.294387, -0.521755, 27.047829, 27.525935,  0.002745, 27.523872
 -1.541355, -1.410021, 25.193531, 25.262527,  0.001554, 25.267834
  0.537553, -1.729186, 95.561450, 95.455387,  0.003744, 95.444670
 -1.010966, -1.181661,  6.253804,  6.932307,  0.001229,  6.930643
  1.151344, -0.536297, 86.283378, 85.976518,  0.003676, 85.968066
 -1.657271, -1.294557, 25.424002, 25.506576,  0.001569, 25.509005
  0.612477, -1.190108, 85.173366, 85.754191,  0.003830, 85.742261
  0.778017, -0.044298, 54.227153, 54.792713,  0.001977, 54.790406
 -0.533296, -1.656738, 41.716802, 41.975072,  0.002336, 41.968786
 -0.571076,  0.154226,  6.780318,  7.049106,  0.001144,  7.049031
  0.532246, -1.414442, 65.082436, 64.908538,  0.002707, 64.902843
 -1.356596,  1.263243,  2.505151,  3.112220,  0.002406,  3.118506
  1.349765,  1.345705, 53.439633, 53.611860,  0.002623, 53.610406
 -0.077919,  1.489294, 24.757391, 23.999723,  0.002457, 24.003856
 -0.430543,  0.913729, 10.641471, 10.955357,  0.002451, 10.955477
 -1.184072,  1.147406,  7.013458,  7.493574,  0.002058,  7.500475
  1.273848,  0.475123, 69.117512, 69.031932,  0.002945, 69.025140
  0.463826,  0.412770, 39.544084, 39.580599,  0.001715, 39.577305
  0.710587, -0.765950, 61.238587, 61.426756,  0.002095, 61.417807
 -0.626676,  0.123353, 21.712875, 21.825645,  0.001490, 21.827657
  0.251399,  0.222284, 37.079907, 37.116614,  0.002166, 37.115916
 -1.229902, -1.003326,  3.822945,  4.536499,  0.001202,  4.538857
 -1.627462,  0.887609, 26.169467, 26.265145,  0.003518, 26.267748
  0.394138, -0.401998, 50.649841, 50.428459,  0.001860, 50.424395
 -0.398967, -0.126000, 19.912737, 20.200476,  0.001709, 20.200522
  0.358851, -0.181234, 36.806259, 36.968104,  0.001454, 36.970752
 -0.029309, -1.540369, 39.248356, 39.176715,  0.001690, 39.171885
  0.794503,  0.620209, 31.153210, 30.975175,  0.001466, 30.971073
 -0.430390,  1.432978, -2.406971, -1.940193,  0.002722, -1.943557
  0.081565, -0.732999, 27.411315, 27.967956,  0.001221, 27.964154
  1.216520, -0.903572,113.620499,113.186002,  0.005383,113.175975
  0.973099,  0.895631, 63.144138, 63.276726,  0.002990, 63.273763
  0.301659, -0.374041, 32.880439, 33.125339,  0.001233, 33.118436
  1.288694,  0.626771, 66.116181, 65.897725,  0.003062, 65.886320
 -0.685870,  1.692801, 28.066934, 28.500977,  0.003681, 28.500405
 -0.173391, -0.697830, 30.607510, 30.362163,  0.001225, 30.360772
 -0.892717, -0.967328, 30.501266, 30.380311,  0.001549, 30.379607
  1.178927,  1.617800, 34.375817, 34.818407,  0.002065, 34.814650
 -0.665590, -1.336124, 15.055038, 15.870830,  0.001223, 15.871129
 -1.079193, -1.512163,  6.851314,  7.500943,  0.001347,  7.496083
 -0.416913,  1.335109,  2.916171,  2.984475,  0.001793,  2.989330
  0.458244,  0.909555, 15.025266, 15.077288,  0.001670, 15.073071
 -0.012942,  0.946823,  5.438408,  5.263183,  0.001330,  5.263207
  1.504780, -0.465602,113.831314,112.664395,  0.005356,112.650541
  1.555452, -0.740611,129.353423,128.396424,  0.005988,128.401556
 -1.418565,  1.479070,  0.900008,  1.087460,  0.003284,  1.084072
 -1.210938, -0.804859, 33.361103, 32.922336,  0.001895, 32.914372
  1.085021,  0.395819, 56.516262, 56.857909,  0.002207, 56.853482
 -0.802694, -1.327993, 35.821560, 35.712230,  0.001599, 35.706579
 -1.358723, -0.199851,  1.578276,  1.483605,  0.001156,  1.486030
 -0.510592,  0.810457,-10.539291,-10.544680,  0.001647,-10.544414
  0.220681, -1.238736, 45.626268, 46.092362,  0.001817, 46.090091
 -1.134092,  0.732695, -7.766705, -7.788305,  0.001402, -7.786555
  0.283174, -0.597318, 37.616818, 37.908091,  0.001673, 37.920369
  1.452462,  0.537035,109.422156,109.603036,  0.005354,109.581385
  1.328072, -1.505284,130.710092,128.903322,  0.006139,128.888256
  1.267198,  1.397543, 45.878794, 46.305433,  0.002506, 46.302069
 -0.124932,  1.267927,-12.261313,-11.732171,  0.001952,-11.731657
  1.274916, -1.512370,127.785816,127.636340,  0.005948,127.616377
  0.222321,  0.919042, 12.856380, 13.007054,  0.001817, 13.015874
  1.608770, -1.147369,149.840568,149.060177,  0.008581,149.053984
  0.821519,  1.214741, 29.327136, 28.882577,  0.001590, 28.880057
 -1.055053, -0.249117, -1.815242, -1.442476,  0.001166, -1.445972
  0.899678,  1.172444, 21.997266, 22.226513,  0.001793, 22.230609
 -1.246575, -0.240778, 11.806994, 11.992721,  0.001288, 11.990347
 -1.475601, -0.161391, 26.464038, 25.875200,  0.002128, 25.871855
 -1.439622, -0.058295, 21.741049, 21.941089,  0.002879, 21.944021
 -1.555335,  1.097250, 11.417739, 11.747732,  0.002760, 11.745626
  1.289145,  0.631747, 63.397720, 62.740773,  0.002841, 62.749037
 -1.416653, -0.925596, 19.008879, 19.091947,  0.001361, 19.091187
 -1.359211,  1.697925, -1.628339, -0.685433,  0.003447, -0.684429
 -1.228893, -0.773912, 15.884052, 15.565101,  0.001620, 15.564575
 -1.442618, -0.618994,  8.057952,  8.119955,  0.001337,  8.122717
 -0.694481, -1.739566, 53.271199, 52.945939,  0.002326, 52.943403
 -1.220050, -0.394118, 10.805908, 10.893883,  0.001214, 10.890948
 -0.629229, -0.138911, 17.274717, 16.914532,  0.001789, 16.915319
 -1.330012, -0.606111, 32.016734, 31.958271,  0.002005, 31.955881
 -1.684512,  0.335402, 10.583872, 10.621598,  0.002478, 10.624955
 -1.512808, -0.210185,  6.254676,  6.191831,  0.001331,  6.187930
 -0.708885,  0.431101, -7.060846, -6.911229,  0.001354, -6.907160
  0.781571,  1.720178, 52.076968, 52.765572,  0.003277, 52.757715
 -1.699151,  0.912658, 48.915799, 47.445083,  0.006070, 47.473522
 -1.529667,  1.189304,  9.476562,  9.714321,  0.003621,  9.714627
  0.144771, -0.104549, 39.751098, 39.913264,  0.002578, 39.906883
 -1.460768, -1.336188,  7.175160,  7.265710,  0.001212,  7.263661
  0.718981,  1.129510, 24.418867, 24.385886,  0.001945, 24.383744
  0.934561, -1.336390, 91.579261, 91.244508,  0.003722, 91.230327
 -1.541310, -1.098167, 35.426300, 35.374389,  0.002094, 35.364412
 -1.337427, -1.642447,  8.249409,  8.663948,  0.001345,  8.661761
  0.315070,  1.010716, 29.556435, 29.857460,  0.001617, 29.857283
  0.151252,  1.690488,-16.296342,-15.961295,  0.003129,-15.989145
  0.254012,  1.345884, 24.844917, 25.218715,  0.001882, 25.219607
  0.156544, -1.114505, 43.018703, 43.397158,  0.001699, 43.396759
  0.889761, -0.926923, 87.793387, 87.308214,  0.003609, 87.301141
  1.573303, -1.305825,167.860405,166.817781,  0.009646,166.825675
  0.086424, -1.252132, 37.053152, 37.252682,  0.001421, 37.250971
  0.023839, -1.014844, 42.722148, 42.887568,  0.001904, 42.883362
  1.681096,  0.869474,103.140390,102.075923,  0.006355,102.052176
 -1.292159,  1.624245, 38.810834, 39.198934,  0.005332, 39.189497
  1.174256,  0.676096, 56.650438, 56.277004,  0.002449, 56.271708
 -1.698139, -0.822983, 32.970296, 32.811882,  0.003540, 32.804086
  0.528923,  1.465842, -0.232917,  0.002116,  0.001866, -0.000732
  0.402974,  0.629672, 17.241448, 17.080896,  0.001504, 17.082088
  1.665228,  1.306920, 70.271153, 70.106187,  0.003387, 70.097115
  0.827671, -0.807474, 81.466597, 80.690494,  0.003622, 80.685203
  0.381483, -1.301897, 60.898762, 61.123050,  0.002132, 61.121165
 -0.066013, -0.602894, 41.039885, 40.880266,  0.001681, 40.882312
  1.355496,  1.428812, 55.363754, 55.556929,  0.003449, 55.545366
  0.319625,  1.606144,-10.685039,-10.785664,  0.002120,-10.786899
 -0.454918, -1.039439, 23.342923, 23.669571,  0.001298, 23.671129
 -1.372680,  0.845974, -2.536454, -2.527400,  0.001793, -2.519222
 -1.382453,  0.345675, -1.463766, -1.490660,  0.001380, -1.483839
  1.630399,  1.177487,112.438055,111.422530,  0.005801,111.405114
 -1.153138, -1.313054,  9.872747,  9.648397,  0.001214,  9.649183
 -1.317276,  0.740673, 12.654184, 12.859336,  0.001915, 12.855972
  0.152305, -1.364573, 78.744196, 78.391126,  0.002827, 78.390099
  0.226344,  0.845589,  3.726634,  4.071617,  0.001371,  4.070449
  0.898309, -0.550805, 71.592999, 71.870007,  0.002602, 71.857123
  0.443548,  0.526174, 29.270742, 29.454501,  0.001330, 29.455195
  0.882194,  0.246577, 55.236095, 55.674554,  0.002051, 55.679192
 -0.946369, -1.081407,  9.746113,  9.809634,  0.001203,  9.809114
 -1.198799, -1.545886, 39.014178, 37.947289,  0.003792, 37.966096
  0.290149,  0.426291, 18.169004, 17.738842,  0.001452, 17.735320
 -1.483928, -1.072610, 22.319667, 22.680455,  0.002120, 22.682377
  0.732093,  1.202639, 35.393644, 35.270859,  0.002766, 35.265471
 -1.162319, -1.474164, 32.134596, 32.029200,  0.002359, 32.029715
 -1.304867, -1.499030,  5.234291,  5.106989,  0.001346,  5.108461
 -0.580615,  1.421602,-15.311429,-14.660382,  0.002075,-14.684061
  1.488412,  1.591115, 76.332395, 75.885940,  0.003414, 75.880580
 -1.500516,  0.446490,  1.192567,  1.381313,  0.001676,  1.385809
 -0.283428, -1.556445, 45.069328, 45.642692,  0.002198, 45.644514
  1.593978, -1.429953,169.222159,166.856234,  0.009644,166.853918
 -1.310496,  1.010972, -3.111946, -2.843083,  0.001907, -2.840501
 -1.618231, -0.986791, 24.839919, 25.017898,  0.002550, 25.018565
  1.717968, -1.741902,203.636603,187.919296,  0.009799,187.908034
  0.617207, -1.206729, 84.307895, 83.893256,  0.003732, 83.872603
  1.464801,  0.522574,100.876291,101.116949,  0.005217,101.108305
 -1.111452, -1.457355, 25.840180, 25.535431,  0.001832, 25.539281
  0.429676, -0.533352, 63.247264, 62.902641,  0.003224, 62.905031
 -0.102696,  0.460286,  7.663897,  7.705424,  0.001383,  7.708963
  1.258807,  1.606269, 46.204881, 46.637811,  0.003801, 46.638872
  1.525880, -1.491882,159.399853,158.586278,  0.009274,158.578200
  1.307403,  0.087223,103.618870,102.618056,  0.006011,102.600225
 -1.685373,  0.516059, 29.600424, 27.827372,  0.004506, 27.825043
 -0.885619, -1.075585, 32.497851, 32.380852,  0.002377, 32.378064
 -0.375931,  1.679002, -0.655888, -0.689074,  0.003233, -0.685438
 -1.587410,  0.010417, 28.839932, 28.930759,  0.002745, 28.934974
  0.872312,  1.005639, 68.756779, 68.177528,  0.003267, 68.176911
 -1.442826,  0.118764,  1.142088,  1.440043,  0.001340,  1.439443
  0.453897, -0.361152, 66.573525, 66.927926,  0.002723, 66.915662
  1.150403, -1.761401,121.692045,121.224162,  0.005793,121.212392
  1.185142, -1.641323,120.517156,120.710884,  0.005751,120.676860
 -0.558335, -0.779821, 36.562968, 36.516091,  0.001544, 36.514638
 -1.530670,  1.658725, 19.892532, 19.310998,  0.005594, 19.298056
 -0.692089,  0.905982,-12.432744,-11.656010,  0.001622,-11.655820
 -0.589347,  0.947161, -7.685965, -7.600075,  0.001372, -7.598883
  0.075445,  1.604490,-12.020709,-11.765587,  0.002019,-11.774760
  1.415739, -1.308145,167.006581,166.760790,  0.009886,166.754802
 -1.720157,  0.021240, 21.622694, 21.083735,  0.003312, 21.081198
 -0.318940, -1.618950, 25.787106, 26.395985,  0.001292, 26.396450
 -0.967102, -1.244743,  6.105828,  6.380801,  0.001286,  6.378845
  1.634869, -1.348526,154.228352,152.559042,  0.009130,152.533417
 -1.657039,  1.464548, 24.643805, 24.844207,  0.004112, 24.845257
 -1.690688, -1.150639,  8.018168,  7.610573,  0.001217,  7.611304
 -1.659440, -0.097644,  7.456785,  7.176151,  0.001589,  7.176089
 -1.220475, -0.025256,  7.347189,  7.219360,  0.001254,  7.220343
 -1.250070,  1.376639, -2.996823, -2.411018,  0.002443, -2.412737
  0.505679, -1.194467, 98.207858, 97.440673,  0.005178, 97.440946
  0.089454, -0.323231, 29.116093, 29.793222,  0.001194, 29.795467
  0.522348,  0.582292, 27.905796, 28.164418,  0.001350, 28.164356
  1.267414, -1.346988,158.932640,158.990863,  0.009723,158.961239
 -0.200482, -0.678273, 36.844911, 36.757851,  0.001943, 36.756061
  0.335582,  1.724032, 39.566859, 39.007198,  0.003459, 39.008614
  1.284593, -0.813365,116.889651,115.260010,  0.005274,115.234199
  1.212218, -0.516626,126.557162,125.635708,  0.006032,125.613966
  1.432810,  0.613842, 74.308379, 73.912502,  0.003007, 73.917866
  0.532731, -0.005632, 38.028022, 37.928450,  0.001422, 37.931765
 -0.161988,  0.391656,  6.532772,  6.737572,  0.001326,  6.738654
  0.325458,  1.577606, 42.009829, 41.570511,  0.003324, 41.563554
 -1.710422,  0.527732, 19.764847, 19.085459,  0.002956, 19.090249
  0.543891, -0.374566, 63.476270, 63.366106,  0.003123, 63.353606
 -0.798123,  1.098273,  4.190901,  4.627276,  0.001676,  4.629262
  0.394486,  1.267109,  5.120106,  5.327438,  0.001911,  5.326878
 -0.966864, -1.658855, 17.928305, 18.046304,  0.001309, 18.052644
  1.532014, -1.000499,161.326411,161.100757,  0.009598,161.080944
  0.924243,  1.557028, 32.286373, 32.621529,  0.001921, 32.625345
  0.771443,  1.225199, 18.638039, 18.760939,  0.001706, 18.764410
 -0.571037, -1.114832, 14.102554, 14.296560,  0.001185, 14.298582
 -0.625934, -0.796588, 29.695756, 30.013509,  0.001344, 30.007321
  0.154224, -0.018000, 36.606044, 36.813057,  0.002015, 36.802766
 -0.013961,  1.616416, 20.041892, 19.451285,  0.002441, 19.452733
 -0.314663, -0.083015, 12.796638, 13.061599,  0.001144, 13.063322
  0.899222,  0.937753, 28.460833, 28.632238,  0.001616, 28.629717
 -1.535940, -0.905584, 19.769396, 20.130388,  0.002061, 20.134321
  1.023908, -1.354909,103.126445,103.447401,  0.005111,103.443496
  0.951251,  1.040911, 34.990056, 35.265945,  0.001629, 35.264541
  1.389446, -0.059408,127.585801,126.726134,  0.006087,126.726489
  0.420096,  0.483464, 17.080832, 17.398128,  0.001340, 17.402966
  1.570450,  0.667355, 91.549074, 90.645082,  0.004187, 90.627939
  0.784047,  0.312430, 65.908562, 66.337555,  0.002754, 66.327026
 -1.223074,  1.472143,-10.340848,-10.033300,  0.002443,-10.044244
 -0.000450, -1.258635, 73.448217, 72.814024,  0.002987, 72.821534
  0.513693, -1.393727, 89.404167, 89.063859,  0.003806, 89.063228
  0.940904, -1.610993, 99.360662, 99.084187,  0.005177, 99.076602
  1.149923, -0.246017, 86.196087, 86.359061,  0.003573, 86.346614
  0.202019, -0.621598, 30.345573, 30.798789,  0.001220, 30.803101
  1.013578, -0.891964,123.930959,122.728036,  0.005912,122.726978
  1.579461,  0.532489, 92.154844, 92.498177,  0.003779, 92.497190
 -0.530232, -1.270556, 53.542667, 53.272899,  0.002292, 53.274304
  0.688764,  0.514187, 44.098597, 43.913092,  0.001835, 43.905290
 -0.488311,  0.426421, 40.642976, 39.682818,  0.002715, 39.674137
 -1.371356, -1.219953, 31.951045, 32.583319,  0.002715, 32.581479
  1.009157, -1.661895,123.163959,122.411134,  0.005772,122.394918
  1.514276, -1.595358,160.723143,159.345027,  0.008892,159.307393
  1.088440, -1.539174,110.391064,109.937213,  0.005356,109.922324
  1.449475, -1.222611,134.274697,132.908891,  0.007582,132.951553
 -0.893317, -1.080495, 44.593003, 44.136723,  0.002188, 44.133841
  1.343679,  0.438739, 72.660275, 72.589169,  0.002883, 72.582665
  0.047624, -0.340015, 18.922053, 18.653461,  0.001186, 18.652467
  1.440827, -1.569944,147.175064,146.889667,  0.008604,146.894840
  0.443107, -0.055607, 69.538563, 69.118461,  0.002900, 69.106025
  1.112378, -1.242301,122.814457,122.124487,  0.005639,122.105992
  0.206891,  0.039897, 18.033390, 17.697739,  0.001248, 17.694381
  1.295501,  0.561739, 64.181174, 64.018897,  0.002862, 64.015307
 -0.283135, -0.331510, 13.554650, 14.088933,  0.001138, 14.090186
  1.638902, -0.140582,143.460395,143.567410,  0.008679,143.544528
 -1.071842, -1.224691, 17.561664, 17.514827,  0.001266, 17.513148
 -0.463057, -1.562182, 27.293592, 27.367690,  0.001306, 27.367900
 -0.091762,  0.543919,  3.481692,  3.421387,  0.001364,  3.416941
 -1.625298,  0.604248,  7.220907,  7.337839,  0.002412,  7.336511
 -0.391712, -0.328542, 39.537743, 39.666252,  0.001869, 39.658771
  0.124625, -1.061796, 35.727582, 35.274083,  0.001352, 35.270350
 -0.881007,  0.181772, -4.684122, -3.963612,  0.001148, -3.964197
  0.748193, -0.524947, 67.567518, 67.712586,  0.002627, 67.710930
  0.996416,  0.221656, 98.386978, 97.625555,  0.005225, 97.611087
  0.907754, -0.116825, 57.394597, 57.649316,  0.002039, 57.649700
 -0.552383, -1.175436, 26.597370, 26.632699,  0.001247, 26.629646
  1.039603,  0.425129, 74.537646, 73.740157,  0.003335, 73.735121
  1.144397,  0.794524, 61.053708, 60.621641,  0.002375, 60.618792
  0.205866, -1.015516, 60.644041, 60.890836,  0.002170, 60.882615
  1.362440, -0.655587,138.520971,138.034474,  0.008476,138.028962
 -0.955447, -0.092206, 13.046873, 12.861153,  0.001295, 12.868276
 -0.971284,  0.977750,  5.519148,  5.871395,  0.001665,  5.868305
  0.258670, -0.246904, 26.056266, 26.478747,  0.001223, 26.476064
 -1.642216, -1.092569, 34.439591, 34.267062,  0.002061, 34.269841
 -1.424422,  0.571187, -1.157151, -0.659669,  0.001665, -0.660606
  1.712189, -1.173174,192.962932,184.652317,  0.010015,184.584307
  0.287155, -1.118910, 57.188170, 56.269603,  0.002063, 56.267479
  1.628409,  0.434717, 97.468305, 96.688796,  0.005499, 96.698540
  1.132233,  0.582686, 56.985451, 57.672278,  0.002184, 57.666554
  0.066708, -0.980333, 44.172817, 44.010870,  0.001706, 44.011099
 -0.652102,  0.640081, -5.858401, -5.907810,  0.001227, -5.907807
 -0.998898, -1.406312, 32.274037, 32.264396,  0.001575, 32.266509
  1.332896, -1.156289,131.571153,129.331463,  0.005988,129.337402
 -1.523657, -0.055692,  3.659129,  3.872675,  0.001382,  3.872924
 -1.610790,  0.400162, 15.436286, 15.410942,  0.002966, 15.417490
 -1.442490,  1.107537, 24.786755, 25.475732,  0.003343, 25.480020
  0.948734, -1.673879,140.196395,140.380519,  0.008866,140.380576
 -0.633728,  1.102893,  8.502581,  8.326047,  0.002697,  8.326082
  1.151753,  1.565100, 29.178123, 28.897194,  0.002374, 28.895257
  1.708496, -1.507264,189.870177,181.170094,  0.009595,181.137494
  0.366105,  0.145104, 39.871417, 39.589540,  0.002397, 39.585813
  0.835757, -1.366276,112.656562,112.885411,  0.005373,112.871010
  0.759477, -1.496717,113.355831,113.032198,  0.005890,113.024367
  1.351188,  0.383863,102.597386,102.826862,  0.005198,102.806863
 -0.133383, -1.753820, 42.445665, 42.192421,  0.001802, 42.186326
  0.045091,  0.911510, 38.956587, 38.817990,  0.002528, 38.818354
 -0.182793, -1.643323, 62.415841, 61.305421,  0.002772, 61.303964
  0.448675,  1.716372, -9.028756, -8.812642,  0.002186, -8.818616
  0.782564, -0.945612, 93.775719, 93.457948,  0.003690, 93.454872
  0.760342,  0.207771, 48.698774, 48.497905,  0.002097, 48.487792
  1.261243, -1.206042,124.216214,123.120915,  0.005728,123.110464
 -1.377496, -0.392678, 16.060141, 15.988128,  0.001385, 15.987208
 -0.774401,  0.044220, -2.649439, -2.257509,  0.001208, -2.256004
 -0.986239,  0.692638,  1.603574,  1.828448,  0.001858,  1.835302
 -1.634450, -1.296040,  5.953088,  5.687597,  0.001248,  5.687947
 -1.474744,  1.654795, 16.748843, 17.989138,  0.003807, 17.986110
  1.549061,  0.352139, 95.822625, 95.495193,  0.003730, 95.488167
 -1.424533, -1.368755, 19.669977, 19.333241,  0.001376, 19.336332
  0.226367,  1.235895, -1.635195, -1.116579,  0.001554, -1.117003
 -0.266437, -1.711637, 29.950056, 30.010065,  0.001347, 30.010012
  1.297654,  0.298231, 73.167822, 72.471816,  0.002747, 72.466226
 -0.307723,  0.479569, -4.102918, -3.936188,  0.001273, -3.938782
  0.955994,  1.620877, 42.931466, 43.002528,  0.002718, 42.999626
  0.165288,  1.711553,-15.840163,-15.277822,  0.002747,-15.308247
  0.507511,  1.512300, 24.677240, 25.241097,  0.001874, 25.244646
  1.052419,  0.077737, 68.068201, 68.536094,  0.002656, 68.527092
 -1.177611,  0.577154, -3.996795, -3.838982,  0.001403, -3.841464
 -0.207263,  1.539777,  4.983068,  5.446127,  0.002024,  5.448758
 -0.743746, -0.971947, 12.699782, 13.033971,  0.001175, 13.039463
  0.017290, -0.825788, 26.601426, 26.524841,  0.001229, 26.521785
  0.881513, -0.936134, 98.497266, 97.917294,  0.004985, 97.911711
  0.984914,  1.166307, 41.337254, 40.632575,  0.002149, 40.625743
 -1.690677, -0.080230, 10.655843, 10.930271,  0.002069, 10.936605
  0.055911,  1.526667, 13.268943, 13.642135,  0.002031, 13.640709
  0.124405,  1.406783,  1.213212,  1.784072,  0.002364,  1.782315
  0.399275,  1.162294, 14.541413, 13.951874,  0.001533, 13.954496
  1.333507, -1.613358,158.599364,159.654372,  0.009633,159.645444
 -0.032818, -0.935076, 26.626254, 27.106601,  0.001255, 27.105942
 -1.014040,  0.752738, -4.168159, -3.952206,  0.001685, -3.950517
 -1.379565, -0.412925,  1.133369,  1.099507,  0.001150,  1.101584
  0.299446,  0.128382, 19.887273, 19.716123,  0.001275, 19.710416
  1.474671,  1.213425, 62.557125, 62.527379,  0.003253, 62.530460
 -0.278708, -1.147906, 33.278261, 33.445783,  0.001483, 33.444736
 -0.238896,  1.000646, -2.486832, -2.039874,  0.001314, -2.034050
 -0.017260, -1.271053, 33.173825, 33.339256,  0.001335, 33.343056
 -1.603568, -0.757230,  5.611399,  5.972848,  0.001245,  5.974261
  1.021798,  0.511011, 73.993752, 73.828841,  0.002785, 73.820217
  0.496726, -0.542783, 49.535295, 48.994245,  0.001823, 48.998464
 -0.359217,  0.463746, -3.621149, -2.982943,  0.001296, -2.981028
 -1.654414,  0.617250, 19.990582, 19.475299,  0.003740, 19.475355
  1.366800, -1.021208,130.935931,128.492831,  0.005992,128.484720
  1.051122, -1.283068,101.455852,100.615268,  0.005146,100.604594
  0.632703,  1.694814, -2.716765, -2.986828,  0.002067, -2.994869
  0.080928, -0.026339, 17.980451, 18.140969,  0.001309, 18.144140
 -1.681105,  1.521433, 34.855659, 34.048177,  0.004345, 34.044083
  1.164662,  0.648722, 55.665448, 55.631829,  0.002416, 55.623509
 -1.035692,  0.301025, -6.070798, -5.813296,  0.001202, -5.810914
  1.137384, -1.638837,132.848308,131.309343,  0.006486,131.338639
  0.974644,  1.700904, 35.029552, 35.384109,  0.002135, 35.381133
  0.007665,  1.077037,  1.373592,  1.446991,  0.001399,  1.447749
  0.747561, -1.512334, 85.903386, 85.843872,  0.003734, 85.829438
 -0.695373, -1.408467, 12.082184, 12.404816,  0.001242, 12.403746
  0.740868, -1.310655, 78.873940, 78.044433,  0.002644, 78.031726
 -1.213646, -1.361032,  5.730850,  6.186290,  0.001248,  6.186888
  0.509915, -0.683670, 72.794434, 73.384186,  0.002682, 73.378658
  0.595437, -1.374333, 69.174791, 68.350716,  0.002764, 68.350542
  0.486628,  0.860799, 22.049405, 22.129260,  0.001442, 22.124676
  1.323436,  0.598952, 81.459396, 80.942912,  0.004379, 80.931466
  1.073136,  0.824359, 52.505384, 52.328769,  0.002714, 52.322411
 -0.834744,  1.167043,-14.616127,-14.432297,  0.001908,-14.447259
 -0.506073,  1.331718,-17.320902,-17.056702,  0.003156,-17.079110
  1.518199, -0.312264,108.546484,108.459690,  0.005282,108.435679
 -0.438279, -1.630859, 28.230299, 28.702302,  0.001273, 28.699242
  0.206226, -0.704107, 32.716646, 32.947219,  0.001260, 32.944482
 -0.756821,  0.286765, 14.873857, 15.158609,  0.001443, 15.165690
 -0.250996,  0.742334, -7.050697, -6.620492,  0.001416, -6.619490
  0.910216, -1.147156, 87.451309, 87.413847,  0.003690, 87.410289
  0.143611, -0.449256, 47.229793, 47.148011,  0.001807, 47.141815
  0.543637, -0.775477, 76.501131, 76.544486,  0.002687, 76.543803
  0.675407,  0.174261, 42.062295, 41.684221,  0.001889, 41.685730
 -1.642363, -0.003472,  7.229101,  7.322151,  0.001784,  7.325006
 -0.052783,  1.413781, 32.190456, 31.477655,  0.002635, 31.470709
 -0.216248,  1.502701, -1.343516, -0.851191,  0.001739, -0.848576
 -1.196252,  0.433457, -3.243133, -3.173317,  0.001340, -3.175702
 -1.473291, -0.778834,  3.113260,  3.479113,  0.001177,  3.478604
  1.625670,  1.276886, 86.620458, 87.057792,  0.004226, 87.048401
  0.381777, -0.954522, 55.181246, 54.949237,  0.002033, 54.950354
  0.799143,  1.360810, 48.708307, 48.684617,  0.002676, 48.679192
  0.134271, -0.766181, 31.495067, 31.595996,  0.001232, 31.595946
  1.295520, -1.272337,146.259787,146.507377,  0.008923,146.505641
 -1.694099, -1.403797, 30.792857, 30.971122,  0.001802, 30.970161
 -1.255970,  1.586373, 26.573788, 27.397677,  0.003904, 27.401117
  1.618141, -1.317716,152.457891,151.168433,  0.009009,151.156112
  1.589610,  0.416834, 93.103236, 92.792958,  0.003788, 92.765671
  0.663581,  0.672741, 43.166056, 43.319697,  0.001886, 43.325012
  1.631819, -0.107252,135.088502,134.258551,  0.007915,134.271334
  1.105523,  1.019187, 56.128200, 56.076330,  0.002421, 56.068841
 -1.430646, -0.764368, 26.308357, 26.177936,  0.002633, 26.176847
 -1.257722, -0.836642,  5.209964,  5.291621,  0.001138,  5.291995
  0.398970,  0.800956, 48.494310, 49.130512,  0.002368, 49.122041
 -0.190473,  1.247923, -7.846714, -7.873084,  0.002052, -7.871803
 -0.227698,  1.452101,  2.089215,  2.534437,  0.001806,  2.536333
 -1.574663, -0.683479,  5.684692,  5.625332,  0.001222,  5.623045
  1.274397, -0.374705, 90.266580, 90.236387,  0.003667, 90.219326
  0.004599, -1.418672, 36.208999, 36.262513,  0.001405, 36.262030
  1.429149, -0.690735,112.717680,112.968438,  0.005376,112.934419
  0.230528, -1.105073, 68.189458, 68.542592,  0.002762, 68.543346
 -0.275014, -1.379848, 36.954768, 36.719833,  0.001555, 36.716434
  0.172374,  1.463462,-11.199993,-10.624341,  0.001954,-10.631932
  1.250548, -1.168583,114.352014,113.656098,  0.005441,113.640668
  0.751705,  0.163889, 46.071703, 45.826630,  0.001952, 45.826932
  1.096238, -1.680522,115.401191,115.641471,  0.005526,115.628325
 -0.152403, -0.668556, 20.070378, 20.479424,  0.001202, 20.476424
 -0.363710,  0.564232, 33.364792, 33.031991,  0.002045, 33.026030
  0.682989, -0.374931, 59.704836, 59.766405,  0.002062, 59.765173
 -0.572109,  0.042669, -0.958943, -0.367069,  0.001200, -0.366990
  1.301286, -0.663735,116.722199,116.122573,  0.005509,116.107677
 -0.980907,  1.725171,-15.123320,-14.969465,  0.003403,-14.975362
  0.830348,  0.298047, 50.010269, 50.552660,  0.001941, 50.548266
  0.474741, -1.308413, 81.071992, 80.134976,  0.003823, 80.131487
 -0.480816,  0.969553,  7.616980,  7.942136,  0.002436,  7.941980
 -1.110590,  0.511152, -0.475787, -0.296694,  0.001595, -0.299053
 -0.078497, -1.215690, 67.884464, 67.070199,  0.003006, 67.060325
  1.235660, -0.384008,101.405328,100.552023,  0.005298,100.539259
  0.383494, -1.083517, 71.028892, 71.021184,  0.002723, 71.013330
 -0.399919,  1.322877, -7.461466, -6.926562,  0.002290, -6.928648
 -0.281929, -1.007101, 30.693779, 30.993653,  0.001437, 30.993240
  0.014847, -0.460454, 55.644691, 55.710814,  0.002212, 55.709474
  1.423036, -1.474721,138.590592,136.780605,  0.008257,136.765958
 -1.190731,  0.607132, 36.542920, 36.477574,  0.003199, 36.468624
 -1.389996, -0.927511,  6.298301,  6.670612,  0.001216,  6.668296
  1.181603,  0.718229, 60.618413, 59.834757,  0.002579, 59.827992
  0.463208,  0.018936, 29.418292, 29.232639,  0.001277, 29.232435
  0.804338,  1.632578,  6.400549,  6.987669,  0.002004,  6.986797
 -1.060906,  1.203838, -9.978161, -9.557711,  0.001872, -9.559015
 -1.207025, -1.503904,  6.094079,  6.279078,  0.001362,  6.274803
 -0.013507, -0.683178, 32.806365, 33.070433,  0.001234, 33.073670
  0.602253, -0.321329, 45.559151, 45.131664,  0.001694, 45.128003
  0.924637, -1.694716,100.087087,100.251653,  0.005211,100.249769
  1.530421,  0.954844, 78.934490, 77.955881,  0.003225, 77.974953
 -0.146865, -0.538610, 22.094987, 22.078365,  0.001262, 22.079153
 -1.593859,  0.563011, 40.749077, 41.088410,  0.004651, 41.087269
 -1.561266,  1.096916, 18.007650, 17.837467,  0.004278, 17.837932
 -0.772748,  0.487198, 12.097829, 12.115627,  0.002084, 12.118113
 -1.686452,  1.395768, 19.743997, 19.487422,  0.005286, 19.482503
 -0.090222, -0.383250, 16.884650, 17.121548,  0.001199, 17.120241
  0.172253, -0.497584, 55.125295, 54.441977,  0.002815, 54.432530
  1.157087,  1.688182, 36.525075, 37.006719,  0.003026, 37.001061
  0.094301,  0.448866, 12.788029, 12.888812,  0.001270, 12.890525
  1.036238, -1.232370,119.851642,119.388934,  0.005766,119.382640
  1.049767, -0.818389, 89.797740, 89.998644,  0.003647, 89.985558
  0.538672,  1.326803,  9.423562,  9.666935,  0.001976,  9.666084
 -1.190377, -0.697653,  6.081938,  6.595732,  0.001210,  6.592611
  0.116401,  1.559665, -4.706936, -4.943901,  0.001741, -4.938796
 -0.674708,  0.665506, -3.468549, -2.893193,  0.001592, -2.900786
 -1.497162,  0.831148, 11.737615, 11.870817,  0.002261, 11.871040
  1.093744, -0.902181, 92.247088, 91.660948,  0.003711, 91.638320
 -1.068621,  1.645926,-10.665876,-10.597773,  0.002510,-10.615867
  1.390749,  1.367315, 50.517819, 50.276986,  0.003139, 50.269015
  0.575840, -0.416552, 82.188745, 82.343807,  0.003897, 82.339229
  1.312286,  0.319476, 72.071383, 72.544301,  0.002738, 72.535633
 -1.428397, -0.577312, 25.321676, 25.259477,  0.002663, 25.252356
  0.276814, -1.493686, 62.920599, 62.530236,  0.002179, 62.526321
 -1.331713,  0.292114, 42.900608, 42.784386,  0.003854, 42.779178
 -1.588435,  1.470814, 33.015583, 32.944657,  0.004221, 32.952770
 -0.867987, -1.280937, 13.214983, 13.708779,  0.001243, 13.703250
 -1.588107,  0.692205,  4.451007,  4.692101,  0.002268,  4.700076
 -0.205078, -0.506176, 18.232832, 18.357309,  0.001224, 18.354340
 -1.643554, -0.353607,  6.219452,  6.121657,  0.001415,  6.122906
 -0.932555, -1.204828, 13.099606, 13.049221,  0.001208, 13.050242
  0.713052, -1.465810, 78.536128, 77.891891,  0.002697, 77.879964
 -0.033386,  0.875559, 15.364933, 15.729750,  0.002203, 15.732841
 -0.070153, -0.325424, 23.353617, 23.546262,  0.001346, 23.551568
  1.320784, -0.333936,136.741803,134.816342,  0.008540,134.835751
 -1.651939, -0.699419,  6.258160,  6.321545,  0.001300,  6.327429
  0.759841, -0.714163, 97.305410, 96.360542,  0.004224, 96.391975
 -1.139271, -0.783460,  1.767326,  2.125525,  0.001205,  2.123855
 -0.596611,  1.517744,  5.312947,  5.197771,  0.002214,  5.208718
 -1.007477,  1.094265,-11.881373,-11.564491,  0.001710,-11.565136
  1.478482, -0.075546,137.223789,136.274518,  0.008471,136.279380
 -1.541915, -0.080255, 10.673426, 10.654553,  0.001511, 10.656384
 -1.047477,  0.949263,-10.108566, -9.531715,  0.001575, -9.536562
  0.666440, -0.871544, 63.466219, 63.326388,  0.002148, 63.334606
  0.233046,  1.310473,  1.699806,  1.847187,  0.001578,  1.848062
  0.188581, -0.515009, 62.474188, 61.787450,  0.002269, 61.787240
 -0.779055,  0.936849,-11.790056,-11.179708,  0.001725,-11.180462
 -0.107693,  0.005931,  7.859151,  8.266918,  0.001176,  8.268612
 -0.711044, -0.291348, 24.162430, 24.067379,  0.002169, 24.064072
 -1.399450,  1.390235,  1.687736,  2.480324,  0.002798,  2.487902
  0.708210, -1.467274, 78.023559, 77.665910,  0.002687, 77.661633
  1.334952,  0.900190, 55.543564, 55.430835,  0.002538, 55.421327
  0.004615, -0.834421, 63.471214, 63.058706,  0.002315, 63.053192
 -1.098191,  0.227220, 15.061738, 15.430213,  0.001526, 15.430472
  1.538253, -1.232024,141.298824,139.639779,  0.008348,139.623278
 -0.233704, -1.534725, 32.398833, 32.589627,  0.001301, 32.582252
 -0.195249, -0.309141, 37.727175, 37.182034,  0.002445, 37.181565
 -0.280644,  0.513613,  1.729379,  1.749209,  0.001173,  1.751862
 -0.697988, -1.519253, 30.283723, 30.075453,  0.001694, 30.072970
  1.555491,  1.310050, 76.162731, 76.042261,  0.003140, 76.030347
 -0.721557, -1.111423,  9.044901,  9.669862,  0.001236,  9.671997
 -1.616437, -1.316279, 36.431943, 37.211739,  0.003477, 37.227006
  1.054889, -0.539467, 83.453749, 83.870537,  0.003633, 83.861970
  1.150715, -0.917365, 97.252791, 95.947791,  0.004209, 95.963499
 -1.655294, -1.123592, 38.985232, 39.060222,  0.002707, 39.055884
 -0.766528,  0.540178, 13.466959, 13.129644,  0.001566, 13.128768
 -1.124437,  0.741173, -1.826235, -1.550817,  0.001712, -1.558572
 -0.584094, -1.717578, 20.287694, 20.005882,  0.001278, 20.002649
  0.983675,  0.619635, 46.175874, 45.854471,  0.002179, 45.851781
  0.182192,  1.422093, -1.311889, -1.108710,  0.001604, -1.108825
  1.081607,  0.131173, 73.994925, 73.986803,  0.002830, 73.986915
  0.521563, -1.400000, 80.604673, 79.487039,  0.003184, 79.510596
  0.421608, -0.577826, 40.121967, 40.160197,  0.001620, 40.155116
  0.002262,  0.766166, 11.909859, 12.157371,  0.001797, 12.157903
  0.704767,  0.627205, 26.810386, 27.124045,  0.001416, 27.120747
 -1.186288, -0.938206,  2.821391,  3.001812,  0.001222,  2.997619
  1.341303, -1.537806,135.320670,134.267194,  0.008034,134.267991
  0.666294,  0.135787, 61.551397, 61.699156,  0.002147, 61.700221
  0.997101,  1.329278, 22.846947, 22.422837,  0.001967, 22.421988
 -1.282944, -0.625481, 18.325227, 18.557583,  0.001373, 18.556897
  0.311480,  0.255977, 19.017951, 18.817569,  0.001300, 18.814489
  1.529578, -0.168174,105.440118,104.746143,  0.005233,104.737282
  1.295792, -0.728799,103.299689,102.828998,  0.005248,102.810396
  0.046983,  0.375170, 18.435833, 17.494656,  0.001301, 17.493814
 -0.198020, -0.871359, 19.051293, 19.016138,  0.001194, 19.016166
 -0.140216, -1.016649, 25.576130, 25.954663,  0.001201, 25.947554
 -0.166008, -0.323978, 22.991529, 23.168857,  0.001408, 23.166971
 -0.871935,  1.592046,-14.075730,-14.386069,  0.002688,-14.420025
  0.308482, -1.251456, 79.894331, 79.675159,  0.003568, 79.694907
 -0.440663,  0.518590,  6.704294,  6.418536,  0.001725,  6.419212
 -1.689572,  1.561406,  4.588683,  4.206327,  0.004299,  4.206262
 -1.509898,  1.640275, 10.787138, 11.770394,  0.003668, 11.769953
 -0.057160,  1.518035,-11.972100,-11.231704,  0.001909,-11.234102
 -0.581805,  0.003043, 14.448156, 14.067431,  0.001688, 14.068143
  1.129453,  0.605259, 59.011707, 58.327022,  0.002503, 58.317745
 -0.227174, -1.453518, 34.262331, 34.390649,  0.001398, 34.390022
 -0.380893,  0.894679, -2.395669, -2.205790,  0.001816, -2.204760
 -1.539918,  1.642949, -0.970986, -1.319095,  0.003965, -1.319131
 -0.937283, -1.041344,  6.908312,  7.281898,  0.001182,  7.278369
 -1.089077,  1.112515,  3.340825,  3.272611,  0.002578,  3.275878
  0.192635, -1.185541, 68.358928, 68.902301,  0.002780, 68.896239
 -0.918399,  1.422576, -5.267837, -5.475314,  0.002543, -5.476236
 -0.967882, -1.041349,  4.466355,  4.755189,  0.001274,  4.753807
 -1.442820, -0.293556, 17.295908, 16.809866,  0.001508, 16.813183
 -1.077292, -1.048236, 14.371685, 14.479208,  0.001355, 14.481765
  0.311702,  0.997315, 25.264910, 25.365702,  0.001561, 25.366875
 -1.656055,  0.865052,  4.530611,  4.383540,  0.002669,  4.386980
 -1.109854, -1.492186, 21.432283, 21.503971,  0.001353, 21.504253
  1.716033,  0.163470,109.874767,109.636294,  0.005485,109.611725
 -0.699438,  0.299371, -1.417059, -0.967017,  0.001142, -0.964238
 -1.411442, -0.474457, 12.734589, 12.765199,  0.001667, 12.759809
 -1.623008,  1.302510,  5.113899,  5.360886,  0.003541,  5.357347
  0.331158,  0.870997, 28.079183, 27.630865,  0.002320, 27.626381
 -0.574979,  0.783447, 36.659869, 36.419251,  0.002719, 36.410153
 -0.197765, -0.166856, 17.803919, 17.772309,  0.001340, 17.770156
 -0.729766, -0.748656, 21.491494, 21.662085,  0.001267, 21.665488
 -0.700407,  0.753527,  8.926987,  9.051483,  0.002227,  9.053741
  1.172756,  1.057506, 62.805142, 62.515320,  0.002649, 62.525122
 -0.628252,  0.934139, 22.016742, 21.736234,  0.002253, 21.736866
 -0.405991, -1.437902, 42.396709, 42.277142,  0.001802, 42.275888
 -0.350350, -1.568088, 32.566761, 32.587260,  0.001372, 32.584891
  0.100506, -1.673168, 67.976419, 68.721077,  0.003084, 68.716550
  0.237607, -0.271128, 44.756707, 44.953490,  0.001734, 44.946407
  1.685111, -0.691254,155.963698,154.973076,  0.008771,154.944702
 -0.819461,  1.298198,  1.653298,  1.542815,  0.002721,  1.542266
  1.560477,  1.647307, 92.674971, 92.204448,  0.004528, 92.180740
  1.220956,  1.546451, 29.707413, 30.009782,  0.002155, 30.006198
  1.235959, -0.295033,117.804500,117.839586,  0.005514,117.826594
  1.409125,  0.514363, 83.598561, 83.566563,  0.003755, 83.550872
  0.087505,  0.000995, 45.010624, 45.363841,  0.001916, 45.363357
 -1.718399, -0.310915, 19.615568, 19.112414,  0.002065, 19.112627
  1.488908, -0.587814,123.998948,122.946519,  0.005650,122.935224
  0.227210,  1.239381, 39.312240, 39.150391,  0.002766, 39.140207
 -1.300916, -0.338025, 11.451432, 11.916274,  0.001643, 11.919618
  0.104908,  0.044639, 39.668173, 39.752598,  0.001746, 39.744651
  0.842263,  0.511938, 36.935142, 37.098310,  0.001459, 37.096647
 -0.238233, -0.497981, 17.664486, 18.009417,  0.001209, 18.008069
 -1.006733, -1.612287, 10.877001, 11.148330,  0.001251, 11.143762
  0.576257, -0.539333, 47.814297, 47.874902,  0.001787, 47.874912
 -1.446484, -1.353573, 33.987945, 34.832937,  0.002895, 34.830104
 -0.738167,  0.948213, -4.981002, -4.534244,  0.001904, -4.535720
  1.614657, -0.659288,137.578250,136.637806,  0.008030,136.615616
  0.826438,  0.941671, 31.325395, 31.091866,  0.001829, 31.088477
  0.504914,  0.771747, 18.872780, 18.295878,  0.001603, 18.297774
 -1.320442, -1.496915, 35.052600, 34.991907,  0.001861, 34.994551
 -0.882524, -1.600398, 33.429278, 33.273564,  0.002121, 33.272014
  1.301200,  1.115047, 57.370359, 57.391546,  0.002500, 57.388080
  1.207101,  0.886079, 54.158317, 53.376427,  0.002607, 53.381402
  0.451381, -0.874392, 51.263492, 51.525994,  0.001894, 51.515190
  1.384993, -0.716147,111.145845,109.902176,  0.005298,109.890759
